costat,curcd,datafmt,indfmt,consol,tic,datadate,gvkey,conm,fyr,fic,seq,ni,nit,prcc_f
A,USD,STD,INDL,C,AAPL,2013-09-30,001690,APPLE INC,9,USA,123549.0000,37037.0000,,476.750000000000
A,USD,STD,INDL,C,AAPL,2010-09-30,001690,APPLE INC,9,USA,47791.0000,14013.0000,,283.750000000000
A,USD,STD,INDL,C,AAPL,2011-09-30,001690,APPLE INC,9,USA,76615.0000,25922.0000,,381.320000000000
A,USD,STD,INDL,C,AAPL,2012-09-30,001690,APPLE INC,9,USA,118210.0000,41733.0000,,667.105000000000
A,USD,STD,INDL,C,AAPL,2014-09-30,001690,APPLE INC,9,USA,111547.0000,39510.0000,,100.750000000000
A,USD,STD,INDL,C,AAPL,2015-09-30,001690,APPLE INC,9,USA,119355.0000,53394.0000,,110.300000000000
A,USD,STD,INDL,C,AAPL,2016-09-30,001690,APPLE INC,9,USA,128249.0000,45687.0000,,113.050000000000
A,USD,STD,INDL,C,AAPL,2017-09-30,001690,APPLE INC,9,USA,134047.0000,48351.0000,,154.120000000000
A,USD,STD,INDL,C,AAPL,2018-09-30,001690,APPLE INC,9,USA,107147.0000,59531.0000,,225.740000000000
A,USD,STD,INDL,C,AAPL,2019-09-30,001690,APPLE INC,9,USA,90488.0000,55256.0000,,223.970000000000
A,USD,STD,INDL,C,AAPL,2020-09-30,001690,APPLE INC,9,USA,65339.0000,57411.0000,,115.810000000000
A,USD,STD,INDL,C,AAPL,2021-09-30,001690,APPLE INC,9,USA,63090.0000,94680.0000,,141.500000000000
A,USD,STD,INDL,C,AAPL,2022-09-30,001690,APPLE INC,9,USA,50672.0000,99803.0000,,138.200000000000
A,USD,STD,INDL,C,AAPL,2023-09-30,001690,APPLE INC,9,USA,62146.0000,96995.0000,,171.210000000000
A,USD,STD,INDL,C,AAPL,2024-09-30,001690,APPLE INC,9,USA,56950.0000,93736.0000,,233.000000000000
A,USD,STD,INDL,C,AAPL,2025-09-30,001690,APPLE INC,9,USA,73733.0000,112010.0000,,254.630000000000
A,USD,STD,INDL,C,ABBV,2010-12-31,016101,ABBVIE INC,12,USA,15702.9990,4177.8660,,
A,USD,STD,INDL,C,ABBV,2011-12-31,016101,ABBVIE INC,12,USA,12223.7130,3433.1280,,
A,USD,STD,INDL,C,ABBV,2012-12-31,016101,ABBVIE INC,12,USA,3363.0000,5275.0000,,34.160000000000
A,USD,STD,INDL,C,ABBV,2013-12-31,016101,ABBVIE INC,12,USA,4492.0000,4128.0000,,52.810000000000
A,USD,STD,INDL,C,ABBV,2014-12-31,016101,ABBVIE INC,12,USA,1742.0000,1774.0000,,65.440000000000
A,USD,STD,INDL,C,ABBV,2015-12-31,016101,ABBVIE INC,12,USA,3945.0000,5144.0000,,59.240000000000
A,USD,STD,INDL,C,ABBV,2016-12-31,016101,ABBVIE INC,12,USA,4636.0000,5953.0000,,62.620000000000
A,USD,STD,INDL,C,ABBV,2017-12-31,016101,ABBVIE INC,12,USA,5097.0000,5309.0000,,96.710000000000
A,USD,STD,INDL,C,ABBV,2018-12-31,016101,ABBVIE INC,12,USA,-8446.0000,5687.0000,,92.190000000000
A,USD,STD,INDL,C,ABBV,2019-12-31,016101,ABBVIE INC,12,USA,-8172.0000,7882.0000,,88.540000000000
A,USD,STD,INDL,C,ABBV,2020-12-31,016101,ABBVIE INC,12,USA,13076.0000,4616.0000,,107.150000000000
A,USD,STD,INDL,C,ABBV,2021-12-31,016101,ABBVIE INC,12,USA,15408.0000,11542.0000,,135.400000000000
A,USD,STD,INDL,C,ABBV,2022-12-31,016101,ABBVIE INC,12,USA,17254.0000,11836.0000,,161.610000000000
A,USD,STD,INDL,C,ABBV,2023-12-31,016101,ABBVIE INC,12,USA,10360.0000,4863.0000,,154.970000000000
A,USD,STD,INDL,C,ABBV,2024-12-31,016101,ABBVIE INC,12,USA,3325.0000,4278.0000,,177.700000000000
A,USD,STD,INDL,C,ABBV,2025-12-31,016101,ABBVIE INC,12,USA,-3270.0000,4226.0000,,228.490000000000
A,USD,STD,INDL,C,AMZN,2010-12-31,064768,AMAZON.COM INC,12,USA,6864.0000,1152.0000,,180.000000000000
A,USD,STD,INDL,C,AMZN,2011-12-31,064768,AMAZON.COM INC,12,USA,7757.0000,631.0000,,173.100000000000
A,USD,STD,INDL,C,AMZN,2012-12-31,064768,AMAZON.COM INC,12,USA,8192.0000,-39.0000,,250.870000000000
A,USD,STD,INDL,C,AMZN,2013-12-31,064768,AMAZON.COM INC,12,USA,9746.0000,274.0000,,398.790000000000
A,USD,STD,INDL,C,AMZN,2014-12-31,064768,AMAZON.COM INC,12,USA,10741.0000,-241.0000,,310.350000000000
A,USD,STD,INDL,C,AMZN,2015-12-31,064768,AMAZON.COM INC,12,USA,13384.0000,596.0000,,675.890000000000
A,USD,STD,INDL,C,AMZN,2016-12-31,064768,AMAZON.COM INC,12,USA,19285.0000,2371.0000,,749.870000000000
A,USD,STD,INDL,C,AMZN,2017-12-31,064768,AMAZON.COM INC,12,USA,27709.0000,3033.0000,,1169.470000000000
A,USD,STD,INDL,C,AMZN,2018-12-31,064768,AMAZON.COM INC,12,USA,43549.0000,10073.0000,,1501.970000000000
A,USD,STD,INDL,C,AMZN,2019-12-31,064768,AMAZON.COM INC,12,USA,62060.0000,11588.0000,,1847.840000000000
A,USD,STD,INDL,C,AMZN,2020-12-31,064768,AMAZON.COM INC,12,USA,93404.0000,21331.0000,,3256.930000000000
A,USD,STD,INDL,C,AMZN,2021-12-31,064768,AMAZON.COM INC,12,USA,138245.0000,33364.0000,,3334.340000000000
A,USD,STD,INDL,C,AMZN,2022-12-31,064768,AMAZON.COM INC,12,USA,146043.0000,-2722.0000,,84.000000000000
A,USD,STD,INDL,C,AMZN,2023-12-31,064768,AMAZON.COM INC,12,USA,201875.0000,30425.0000,,151.940000000000
A,USD,STD,INDL,C,AMZN,2024-12-31,064768,AMAZON.COM INC,12,USA,285970.0000,59248.0000,,219.390000000000
A,USD,STD,INDL,C,AMZN,2025-12-31,064768,AMAZON.COM INC,12,USA,411065.0000,77670.0000,,230.820000000000
A,USD,STD,INDL,C,BA,2010-12-31,002285,BOEING CO,12,USA,2766.0000,3307.0000,,65.260000000000
A,USD,STD,INDL,C,BA,2011-12-31,002285,BOEING CO,12,USA,3515.0000,4018.0000,,73.350000000000
A,USD,STD,INDL,C,BA,2012-12-31,002285,BOEING CO,12,USA,5867.0000,3900.0000,,75.360000000000
A,USD,STD,INDL,C,BA,2013-12-31,002285,BOEING CO,12,USA,14875.0000,4585.0000,,136.490000000000
A,USD,STD,INDL,C,BA,2014-12-31,002285,BOEING CO,12,USA,8665.0000,5446.0000,,129.980000000000
A,USD,STD,INDL,C,BA,2015-12-31,002285,BOEING CO,12,USA,6335.0000,5176.0000,,144.590000000000
A,USD,STD,INDL,C,BA,2016-12-31,002285,BOEING CO,12,USA,817.0000,4895.0000,,155.680000000000
A,USD,STD,INDL,C,BA,2017-12-31,002285,BOEING CO,12,USA,355.0000,8197.0000,,294.910000000000
A,USD,STD,INDL,C,BA,2018-12-31,002285,BOEING CO,12,USA,339.0000,10460.0000,,322.500000000000
A,USD,STD,INDL,C,BA,2019-12-31,002285,BOEING CO,12,USA,-8617.0000,-636.0000,,325.760000000000
A,USD,STD,INDL,C,BA,2020-12-31,002285,BOEING CO,12,USA,-18316.0000,-11873.0000,,214.060000000000
A,USD,STD,INDL,C,BA,2021-12-31,002285,BOEING CO,12,USA,-14999.0000,-4202.0000,,201.320000000000
A,USD,STD,INDL,C,BA,2022-12-31,002285,BOEING CO,12,USA,-15883.0000,-4935.0000,,190.490000000000
A,USD,STD,INDL,C,BA,2023-12-31,002285,BOEING CO,12,USA,-17233.0000,-2222.0000,,260.660000000000
A,USD,STD,INDL,C,BA,2024-12-31,002285,BOEING CO,12,USA,-3908.0000,-11817.0000,,177.000000000000
A,USD,STD,INDL,C,BA,2025-12-31,002285,BOEING CO,12,USA,5454.0000,2235.0000,,217.120000000000
A,USD,STD,FS,C,BAC,2010-12-31,007647,BANK OF AMERICA CORP,12,USA,228248.0000,,,13.340000000000
A,USD,STD,INDL,C,BAC,2010-12-31,007647,BANK OF AMERICA CORP,12,USA,228248.0000,-2238.0000,,13.340000000000
A,USD,STD,FS,C,BAC,2011-12-31,007647,BANK OF AMERICA CORP,12,USA,230101.0000,,,5.560000000000
A,USD,STD,INDL,C,BAC,2011-12-31,007647,BANK OF AMERICA CORP,12,USA,230101.0000,1446.0000,,5.560000000000
A,USD,STD,FS,C,BAC,2012-12-31,007647,BANK OF AMERICA CORP,12,USA,236956.0000,,,11.610000000000
A,USD,STD,INDL,C,BAC,2012-12-31,007647,BANK OF AMERICA CORP,12,USA,236956.0000,4188.0000,,11.610000000000
A,USD,STD,FS,C,BAC,2013-12-31,007647,BANK OF AMERICA CORP,12,USA,232685.0000,,,15.570000000000
A,USD,STD,INDL,C,BAC,2013-12-31,007647,BANK OF AMERICA CORP,12,USA,232685.0000,11431.0000,,15.570000000000
A,USD,STD,FS,C,BAC,2014-12-31,007647,BANK OF AMERICA CORP,12,USA,243471.0000,,,17.890000000000
A,USD,STD,INDL,C,BAC,2014-12-31,007647,BANK OF AMERICA CORP,12,USA,243471.0000,4833.0000,,17.890000000000
A,USD,STD,FS,C,BAC,2015-12-31,007647,BANK OF AMERICA CORP,12,USA,256205.0000,,,16.830000000000
A,USD,STD,INDL,C,BAC,2015-12-31,007647,BANK OF AMERICA CORP,12,USA,256205.0000,15888.0000,,16.830000000000
A,USD,STD,FS,C,BAC,2016-12-31,007647,BANK OF AMERICA CORP,12,USA,266840.0000,,,22.100000000000
A,USD,STD,INDL,C,BAC,2016-12-31,007647,BANK OF AMERICA CORP,12,USA,266840.0000,17906.0000,,22.100000000000
A,USD,STD,FS,C,BAC,2017-12-31,007647,BANK OF AMERICA CORP,12,USA,267146.0000,,,29.520000000000
A,USD,STD,INDL,C,BAC,2017-12-31,007647,BANK OF AMERICA CORP,12,USA,267146.0000,18232.0000,,29.520000000000
A,USD,STD,FS,C,BAC,2018-12-31,007647,BANK OF AMERICA CORP,12,USA,265325.0000,,,24.640000000000
A,USD,STD,INDL,C,BAC,2018-12-31,007647,BANK OF AMERICA CORP,12,USA,265325.0000,28147.0000,,24.640000000000
A,USD,STD,FS,C,BAC,2019-12-31,007647,BANK OF AMERICA CORP,12,USA,264810.0000,,,35.220000000000
A,USD,STD,INDL,C,BAC,2019-12-31,007647,BANK OF AMERICA CORP,12,USA,264810.0000,27430.0000,,35.220000000000
A,USD,STD,FS,C,BAC,2020-12-31,007647,BANK OF AMERICA CORP,12,USA,272924.0000,,,30.310000000000
A,USD,STD,INDL,C,BAC,2020-12-31,007647,BANK OF AMERICA CORP,12,USA,272924.0000,17894.0000,,30.310000000000
A,USD,STD,FS,C,BAC,2021-12-31,007647,BANK OF AMERICA CORP,12,USA,270066.0000,,,44.490000000000
A,USD,STD,INDL,C,BAC,2021-12-31,007647,BANK OF AMERICA CORP,12,USA,270066.0000,31978.0000,,44.490000000000
A,USD,STD,FS,C,BAC,2022-12-31,007647,BANK OF AMERICA CORP,12,USA,273197.0000,,,33.120000000000
A,USD,STD,INDL,C,BAC,2022-12-31,007647,BANK OF AMERICA CORP,12,USA,273197.0000,27528.0000,,33.120000000000
A,USD,STD,FS,C,BAC,2023-12-31,007647,BANK OF AMERICA CORP,12,USA,291646.0000,,,33.670000000000
A,USD,STD,INDL,C,BAC,2023-12-31,007647,BANK OF AMERICA CORP,12,USA,291646.0000,26515.0000,,33.670000000000
A,USD,STD,FS,C,BAC,2024-12-31,007647,BANK OF AMERICA CORP,12,USA,295559.0000,,,43.950000000000
A,USD,STD,INDL,C,BAC,2024-12-31,007647,BANK OF AMERICA CORP,12,USA,295559.0000,27132.0000,,43.950000000000
A,USD,STD,FS,C,BAC,2025-12-31,007647,BANK OF AMERICA CORP,12,USA,303243.0000,,,55.000000000000
A,USD,STD,INDL,C,BAC,2025-12-31,007647,BANK OF AMERICA CORP,12,USA,303243.0000,30509.0000,,55.000000000000
A,USD,STD,FS,C,C,2010-12-31,003243,CITIGROUP INC,12,USA,163468.0000,,0.0000,4.730000000000
A,USD,STD,INDL,C,C,2010-12-31,003243,CITIGROUP INC,12,USA,163468.0000,10602.0000,,4.730000000000
A,USD,STD,FS,C,C,2011-12-31,003243,CITIGROUP INC,12,USA,177806.0000,,0.0000,26.310000000000
A,USD,STD,INDL,C,C,2011-12-31,003243,CITIGROUP INC,12,USA,177806.0000,11067.0000,,26.310000000000
A,USD,STD,FS,C,C,2012-12-31,003243,CITIGROUP INC,12,USA,189049.0000,,0.0000,39.560000000000
A,USD,STD,INDL,C,C,2012-12-31,003243,CITIGROUP INC,12,USA,189049.0000,7541.0000,,39.560000000000
A,USD,STD,FS,C,C,2013-12-31,003243,CITIGROUP INC,12,USA,204339.0000,,0.0000,52.110000000000
A,USD,STD,INDL,C,C,2013-12-31,003243,CITIGROUP INC,12,USA,204339.0000,13673.0000,,52.110000000000
A,USD,STD,FS,C,C,2014-12-31,003243,CITIGROUP INC,12,USA,210534.0000,,0.0000,54.110000000000
A,USD,STD,INDL,C,C,2014-12-31,003243,CITIGROUP INC,12,USA,210534.0000,7313.0000,,54.110000000000
A,USD,STD,FS,C,C,2015-12-31,003243,CITIGROUP INC,12,USA,221857.0000,,0.0000,51.750000000000
A,USD,STD,INDL,C,C,2015-12-31,003243,CITIGROUP INC,12,USA,221857.0000,17242.0000,,51.750000000000
A,USD,STD,FS,C,C,2016-12-31,003243,CITIGROUP INC,12,USA,225120.0000,,0.0000,59.430000000000
A,USD,STD,INDL,C,C,2016-12-31,003243,CITIGROUP INC,12,USA,225120.0000,14912.0000,,59.430000000000
A,USD,STD,FS,C,C,2017-12-31,003243,CITIGROUP INC,12,USA,200740.0000,,0.0000,74.410000000000
A,USD,STD,INDL,C,C,2017-12-31,003243,CITIGROUP INC,12,USA,200740.0000,-6798.0000,,74.410000000000
A,USD,STD,FS,C,C,2018-12-31,003243,CITIGROUP INC,12,USA,196220.0000,,0.0000,52.060000000000
A,USD,STD,INDL,C,C,2018-12-31,003243,CITIGROUP INC,12,USA,196220.0000,18045.0000,,52.060000000000
A,USD,STD,FS,C,C,2019-12-31,003243,CITIGROUP INC,12,USA,193242.0000,,0.0000,79.890000000000
A,USD,STD,INDL,C,C,2019-12-31,003243,CITIGROUP INC,12,USA,193242.0000,19401.0000,,79.890000000000
A,USD,STD,FS,C,C,2020-12-31,003243,CITIGROUP INC,12,USA,199442.0000,,0.0000,61.660000000000
A,USD,STD,INDL,C,C,2020-12-31,003243,CITIGROUP INC,12,USA,199442.0000,11047.0000,,61.660000000000
A,USD,STD,FS,C,C,2021-12-31,003243,CITIGROUP INC,12,USA,201972.0000,,0.0000,60.390000000000
A,USD,STD,INDL,C,C,2021-12-31,003243,CITIGROUP INC,12,USA,201972.0000,21952.0000,,60.390000000000
A,USD,STD,FS,C,C,2022-12-31,003243,CITIGROUP INC,12,USA,201189.0000,,0.0000,45.230000000000
A,USD,STD,INDL,C,C,2022-12-31,003243,CITIGROUP INC,12,USA,201189.0000,14845.0000,,45.230000000000
A,USD,STD,FS,C,C,2023-12-31,003243,CITIGROUP INC,12,USA,205453.0000,,0.0000,51.440000000000
A,USD,STD,INDL,C,C,2023-12-31,003243,CITIGROUP INC,12,USA,205453.0000,9228.0000,,51.440000000000
A,USD,STD,FS,C,C,2024-12-31,003243,CITIGROUP INC,12,USA,208598.0000,,0.0000,70.390000000000
A,USD,STD,INDL,C,C,2024-12-31,003243,CITIGROUP INC,12,USA,208598.0000,12682.0000,,70.390000000000
A,USD,STD,FS,C,C,2025-12-31,003243,CITIGROUP INC,12,USA,212291.0000,,0.0000,116.690000000000
A,USD,STD,INDL,C,C,2025-12-31,003243,CITIGROUP INC,12,USA,212291.0000,14306.0000,,116.690000000000
A,USD,STD,INDL,C,CAT,2010-12-31,002817,CATERPILLAR INC,12,USA,10824.0000,2700.0000,,93.660000000000
A,USD,STD,INDL,C,CAT,2011-12-31,002817,CATERPILLAR INC,12,USA,12883.0000,4928.0000,,90.600000000000
A,USD,STD,INDL,C,CAT,2012-12-31,002817,CATERPILLAR INC,12,USA,17532.0000,5681.0000,,89.608500000000
A,USD,STD,INDL,C,CAT,2013-12-31,002817,CATERPILLAR INC,12,USA,20811.0000,3789.0000,,90.810000000000
A,USD,STD,INDL,C,CAT,2014-12-31,002817,CATERPILLAR INC,12,USA,16746.0000,3695.0000,,91.530000000000
A,USD,STD,INDL,C,CAT,2015-12-31,002817,CATERPILLAR INC,12,USA,14809.0000,2102.0000,,67.960000000000
A,USD,STD,INDL,C,CAT,2016-12-31,002817,CATERPILLAR INC,12,USA,13137.0000,-67.0000,,92.740000000000
A,USD,STD,INDL,C,CAT,2017-12-31,002817,CATERPILLAR INC,12,USA,13697.0000,754.0000,,157.580000000000
A,USD,STD,INDL,C,CAT,2018-12-31,002817,CATERPILLAR INC,12,USA,14039.0000,6147.0000,,127.070000000000
A,USD,STD,INDL,C,CAT,2019-12-31,002817,CATERPILLAR INC,12,USA,14588.0000,6093.0000,,147.680000000000
A,USD,STD,INDL,C,CAT,2020-12-31,002817,CATERPILLAR INC,12,USA,15331.0000,2998.0000,,182.020000000000
A,USD,STD,INDL,C,CAT,2021-12-31,002817,CATERPILLAR INC,12,USA,16484.0000,6489.0000,,206.740000000000
A,USD,STD,INDL,C,CAT,2022-12-31,002817,CATERPILLAR INC,12,USA,15869.0000,6705.0000,,239.560000000000
A,USD,STD,INDL,C,CAT,2023-12-31,002817,CATERPILLAR INC,12,USA,19494.0000,10335.0000,,295.670000000000
A,USD,STD,INDL,C,CAT,2024-12-31,002817,CATERPILLAR INC,12,USA,19491.0000,10792.0000,,362.760000000000
A,USD,STD,INDL,C,CAT,2025-12-31,002817,CATERPILLAR INC,12,USA,21318.0000,8884.0000,,572.870000000000
A,USD,STD,INDL,C,COP,2010-12-31,008549,CONOCOPHILLIPS,12,USA,68562.0000,11358.0000,,68.100000000000
A,USD,STD,INDL,C,COP,2011-12-31,008549,CONOCOPHILLIPS,12,USA,65224.0000,12436.0000,,72.870000000000
A,USD,STD,INDL,C,COP,2012-12-31,008549,CONOCOPHILLIPS,12,USA,47987.0000,8428.0000,,57.990000000000
A,USD,STD,INDL,C,COP,2013-12-31,008549,CONOCOPHILLIPS,12,USA,52090.0000,9156.0000,,70.650000000000
A,USD,STD,INDL,C,COP,2014-12-31,008549,CONOCOPHILLIPS,12,USA,51911.0000,6869.0000,,69.060000000000
A,USD,STD,INDL,C,COP,2015-12-31,008549,CONOCOPHILLIPS,12,USA,39762.0000,-4428.0000,,46.690000000000
A,USD,STD,INDL,C,COP,2016-12-31,008549,CONOCOPHILLIPS,12,USA,34974.0000,-3615.0000,,50.140000000000
A,USD,STD,INDL,C,COP,2017-12-31,008549,CONOCOPHILLIPS,12,USA,30607.0000,-855.0000,,54.890000000000
A,USD,STD,INDL,C,COP,2018-12-31,008549,CONOCOPHILLIPS,12,USA,31939.0000,6257.0000,,62.350000000000
A,USD,STD,INDL,C,COP,2019-12-31,008549,CONOCOPHILLIPS,12,USA,34981.0000,7189.0000,,65.030000000000
A,USD,STD,INDL,C,COP,2020-12-31,008549,CONOCOPHILLIPS,12,USA,29849.0000,-2701.0000,,39.990000000000
A,USD,STD,INDL,C,COP,2021-12-31,008549,CONOCOPHILLIPS,12,USA,45406.0000,8079.0000,,72.180000000000
A,USD,STD,INDL,C,COP,2022-12-31,008549,CONOCOPHILLIPS,12,USA,48003.0000,18680.0000,,118.000000000000
A,USD,STD,INDL,C,COP,2023-12-31,008549,CONOCOPHILLIPS,12,USA,49279.0000,10957.0000,,116.070000000000
A,USD,STD,INDL,C,COP,2024-12-31,008549,CONOCOPHILLIPS,12,USA,64796.0000,9245.0000,,99.170000000000
A,USD,STD,INDL,C,COP,2025-12-31,008549,CONOCOPHILLIPS,12,USA,64487.0000,7988.0000,,93.610000000000
A,USD,STD,INDL,C,CVX,2010-12-31,002991,CHEVRON CORP,12,USA,105081.0000,19024.0000,,91.250000000000
A,USD,STD,INDL,C,CVX,2011-12-31,002991,CHEVRON CORP,12,USA,121382.0000,26895.0000,,106.400000000000
A,USD,STD,INDL,C,CVX,2012-12-31,002991,CHEVRON CORP,12,USA,136524.0000,26179.0000,,108.140000000000
A,USD,STD,INDL,C,CVX,2013-12-31,002991,CHEVRON CORP,12,USA,149113.0000,21423.0000,,124.910000000000
A,USD,STD,INDL,C,CVX,2014-12-31,002991,CHEVRON CORP,12,USA,155028.0000,19241.0000,,112.180000000000
A,USD,STD,INDL,C,CVX,2015-12-31,002991,CHEVRON CORP,12,USA,152716.0000,4587.0000,,89.960000000000
A,USD,STD,INDL,C,CVX,2016-12-31,002991,CHEVRON CORP,12,USA,145556.0000,-497.0000,,117.700000000000
A,USD,STD,INDL,C,CVX,2017-12-31,002991,CHEVRON CORP,12,USA,148124.0000,9195.0000,,125.190000000000
A,USD,STD,INDL,C,CVX,2018-12-31,002991,CHEVRON CORP,12,USA,154554.0000,14824.0000,,108.790000000000
A,USD,STD,INDL,C,CVX,2019-12-31,002991,CHEVRON CORP,12,USA,144213.0000,2924.0000,,120.510000000000
A,USD,STD,INDL,C,CVX,2020-12-31,002991,CHEVRON CORP,12,USA,131688.0000,-5543.0000,,84.450000000000
A,USD,STD,INDL,C,CVX,2021-12-31,002991,CHEVRON CORP,12,USA,139067.0000,15625.0000,,117.350000000000
A,USD,STD,INDL,C,CVX,2022-12-31,002991,CHEVRON CORP,12,USA,159282.0000,35465.0000,,179.490000000000
A,USD,STD,INDL,C,CVX,2023-12-31,002991,CHEVRON CORP,12,USA,160957.0000,21369.0000,,149.160000000000
A,USD,STD,INDL,C,CVX,2024-12-31,002991,CHEVRON CORP,12,USA,152318.0000,17661.0000,,144.840000000000
A,USD,STD,INDL,C,CVX,2025-12-31,002991,CHEVRON CORP,12,USA,186450.0000,12299.0000,,152.410000000000
A,USD,STD,INDL,C,DIS,2011-09-30,003980,DISNEY (WALT) CO,9,USA,37385.0000,4807.0000,,30.160000000000
A,USD,STD,INDL,C,DIS,2010-09-30,003980,DISNEY (WALT) CO,9,USA,37519.0000,3963.0000,,33.100000000000
A,USD,STD,INDL,C,DIS,2012-09-30,003980,DISNEY (WALT) CO,9,USA,39759.0000,5682.0000,,52.280000000000
A,USD,STD,INDL,C,DIS,2013-09-30,003980,DISNEY (WALT) CO,9,USA,45429.0000,6136.0000,,64.490000000000
A,USD,STD,INDL,C,DIS,2014-09-30,003980,DISNEY (WALT) CO,9,USA,44958.0000,7501.0000,,89.030000000000
A,USD,STD,INDL,C,DIS,2015-09-30,003980,DISNEY (WALT) CO,9,USA,44525.0000,8382.0000,,102.200000000000
A,USD,STD,INDL,C,DIS,2016-09-30,003980,DISNEY (WALT) CO,9,USA,43265.0000,9391.0000,,92.860000000000
A,USD,STD,INDL,C,DIS,2017-09-30,003980,DISNEY (WALT) CO,9,USA,41315.0000,8980.0000,,98.570000000000
A,USD,STD,INDL,C,DIS,2018-09-30,003980,DISNEY (WALT) CO,9,USA,48773.0000,12598.0000,,116.940000000000
A,USD,STD,INDL,C,DIS,2019-09-30,003980,DISNEY (WALT) CO,9,USA,88877.0000,11054.0000,,130.320000000000
A,USD,STD,INDL,C,DIS,2020-09-30,003980,DISNEY (WALT) CO,9,USA,83583.0000,-2864.0000,,124.080000000000
A,USD,STD,INDL,C,DIS,2021-09-30,003980,DISNEY (WALT) CO,9,USA,88553.0000,1995.0000,,169.170000000000
A,USD,STD,INDL,C,DIS,2022-09-30,003980,DISNEY (WALT) CO,9,USA,95008.0000,3145.0000,,94.330000000000
A,USD,STD,INDL,C,DIS,2023-09-30,003980,DISNEY (WALT) CO,9,USA,99277.0000,2354.0000,,81.050000000000
A,USD,STD,INDL,C,DIS,2024-09-30,003980,DISNEY (WALT) CO,9,USA,100696.0000,4972.0000,,96.190000000000
A,USD,STD,INDL,C,DIS,2025-09-30,003980,DISNEY (WALT) CO,9,USA,109869.0000,12404.0000,,114.500000000000
A,USD,STD,INDL,C,GE,2010-12-31,005047,GE AEROSPACE,12,USA,118936.0000,11644.0000,,18.290000000000
A,USD,STD,INDL,C,GE,2011-12-31,005047,GE AEROSPACE,12,USA,116438.0000,14151.0000,,17.910000000000
A,USD,STD,INDL,C,GE,2012-12-31,005047,GE AEROSPACE,12,USA,123026.0000,13641.0000,,20.990000000000
A,USD,STD,INDL,C,GE,2013-12-31,005047,GE AEROSPACE,12,USA,130566.0000,13060.0000,,28.030000000000
A,USD,STD,INDL,C,GE,2014-12-31,005047,GE AEROSPACE,12,USA,128159.0000,15233.0000,,25.270000000000
A,USD,STD,INDL,C,GE,2015-12-31,005047,GE AEROSPACE,12,USA,98274.0000,-6127.0000,,31.150000000000
A,USD,STD,INDL,C,GE,2016-12-31,005047,GE AEROSPACE,12,USA,75828.0000,8829.0000,,31.600000000000
A,USD,STD,INDL,C,GE,2017-12-31,005047,GE AEROSPACE,12,USA,64263.0000,-5774.0000,,17.450000000000
A,USD,STD,INDL,C,GE,2018-12-31,005047,GE AEROSPACE,12,USA,30981.0000,-22355.0000,,7.570000000000
A,USD,STD,INDL,C,GE,2019-12-31,005047,GE AEROSPACE,12,USA,28316.0000,-4979.0000,,11.160000000000
A,USD,STD,INDL,C,GE,2020-12-31,005047,GE AEROSPACE,12,USA,35552.0000,5705.0000,,10.800000000000
A,USD,STD,INDL,C,GE,2021-12-31,005047,GE AEROSPACE,12,USA,40310.0000,-6519.0000,,94.470000000000
A,USD,STD,INDL,C,GE,2022-12-31,005047,GE AEROSPACE,12,USA,36366.0000,225.0000,,83.790000000000
A,USD,STD,INDL,C,GE,2023-12-31,005047,GE AEROSPACE,12,USA,27378.0000,9481.0000,,127.630000000000
A,USD,STD,INDL,C,GE,2024-12-31,005047,GE AEROSPACE,12,USA,19342.0000,6556.0000,,166.790000000000
A,USD,STD,INDL,C,GE,2025-12-31,005047,GE AEROSPACE,12,USA,18677.0000,8704.0000,,308.030000000000
A,USD,STD,INDL,C,GOOGL,2010-12-31,160329,ALPHABET INC,12,USA,46241.0000,8505.0000,,593.970000000000
A,USD,STD,INDL,C,GOOGL,2011-12-31,160329,ALPHABET INC,12,USA,58145.0000,9737.0000,,645.900000000000
A,USD,STD,INDL,C,GOOGL,2012-12-31,160329,ALPHABET INC,12,USA,71715.0000,10737.0000,,707.380000000000
A,USD,STD,INDL,C,GOOGL,2013-12-31,160329,ALPHABET INC,12,USA,87309.0000,12920.0000,,1120.710000000000
A,USD,STD,INDL,C,GOOGL,2014-12-31,160329,ALPHABET INC,12,USA,104500.0000,14444.0000,,530.660000000000
A,USD,STD,INDL,C,GOOGL,2015-12-31,160329,ALPHABET INC,12,USA,120331.0000,16348.0000,,778.010000000000
A,USD,STD,INDL,C,GOOGL,2016-12-31,160329,ALPHABET INC,12,USA,139036.0000,19478.0000,,792.450000000000
A,USD,STD,INDL,C,GOOGL,2017-12-31,160329,ALPHABET INC,12,USA,152502.0000,12662.0000,,1053.400000000000
A,USD,STD,INDL,C,GOOGL,2018-12-31,160329,ALPHABET INC,12,USA,177628.0000,30736.0000,,1044.960000000000
A,USD,STD,INDL,C,GOOGL,2019-12-31,160329,ALPHABET INC,12,USA,201442.0000,34343.0000,,1339.390000000000
A,USD,STD,INDL,C,GOOGL,2020-12-31,160329,ALPHABET INC,12,USA,222544.0000,40269.0000,,1752.640000000000
A,USD,STD,INDL,C,GOOGL,2021-12-31,160329,ALPHABET INC,12,USA,251635.0000,76033.0000,,2897.040000000000
A,USD,STD,INDL,C,GOOGL,2022-12-31,160329,ALPHABET INC,12,USA,256144.0000,59972.0000,,88.230000000000
A,USD,STD,INDL,C,GOOGL,2023-12-31,160329,ALPHABET INC,12,USA,281079.0000,73795.0000,,139.690000000000
A,USD,STD,INDL,C,GOOGL,2024-12-31,160329,ALPHABET INC,12,USA,321984.0000,100118.0000,,189.300000000000
A,USD,STD,INDL,C,GOOGL,2025-12-31,160329,ALPHABET INC,12,USA,412706.0000,132170.0000,,313.000000000000
A,USD,STD,FS,C,GS,2010-12-31,114628,GOLDMAN SACHS GROUP INC,12,USA,77356.0000,,0.0000,168.160000000000
A,USD,STD,INDL,C,GS,2010-12-31,114628,GOLDMAN SACHS GROUP INC,12,USA,77356.0000,8354.0000,,168.160000000000
A,USD,STD,FS,C,GS,2011-12-31,114628,GOLDMAN SACHS GROUP INC,12,USA,70379.0000,,0.0000,90.430000000000
A,USD,STD,INDL,C,GS,2011-12-31,114628,GOLDMAN SACHS GROUP INC,12,USA,70379.0000,4442.0000,,90.430000000000
A,USD,STD,FS,C,GS,2012-12-31,114628,GOLDMAN SACHS GROUP INC,12,USA,75716.0000,,0.0000,127.560000000000
A,USD,STD,INDL,C,GS,2012-12-31,114628,GOLDMAN SACHS GROUP INC,12,USA,75716.0000,7475.0000,,127.560000000000
A,USD,STD,FS,C,GS,2013-12-31,114628,GOLDMAN SACHS GROUP INC,12,USA,78467.0000,,0.0000,177.260000000000
A,USD,STD,INDL,C,GS,2013-12-31,114628,GOLDMAN SACHS GROUP INC,12,USA,78467.0000,8040.0000,,177.260000000000
A,USD,STD,FS,C,GS,2014-12-31,114628,GOLDMAN SACHS GROUP INC,12,USA,82797.0000,,0.0000,193.830000000000
A,USD,STD,INDL,C,GS,2014-12-31,114628,GOLDMAN SACHS GROUP INC,12,USA,82797.0000,8477.0000,,193.830000000000
A,USD,STD,FS,C,GS,2015-12-31,114628,GOLDMAN SACHS GROUP INC,12,USA,86728.0000,,0.0000,180.230000000000
A,USD,STD,INDL,C,GS,2015-12-31,114628,GOLDMAN SACHS GROUP INC,12,USA,86728.0000,6083.0000,,180.230000000000
A,USD,STD,FS,C,GS,2016-12-31,114628,GOLDMAN SACHS GROUP INC,12,USA,86893.0000,,0.0000,239.450000000000
A,USD,STD,INDL,C,GS,2016-12-31,114628,GOLDMAN SACHS GROUP INC,12,USA,86893.0000,7398.0000,,239.450000000000
A,USD,STD,FS,C,GS,2017-12-31,114628,GOLDMAN SACHS GROUP INC,12,USA,82243.0000,,0.0000,254.760000000000
A,USD,STD,INDL,C,GS,2017-12-31,114628,GOLDMAN SACHS GROUP INC,12,USA,82243.0000,4286.0000,,254.760000000000
A,USD,STD,FS,C,GS,2018-12-31,114628,GOLDMAN SACHS GROUP INC,12,USA,90185.0000,,0.0000,167.050000000000
A,USD,STD,INDL,C,GS,2018-12-31,114628,GOLDMAN SACHS GROUP INC,12,USA,90185.0000,10459.0000,,167.050000000000
A,USD,STD,FS,C,GS,2019-12-31,114628,GOLDMAN SACHS GROUP INC,12,USA,90265.0000,,0.0000,229.930000000000
A,USD,STD,INDL,C,GS,2019-12-31,114628,GOLDMAN SACHS GROUP INC,12,USA,90265.0000,8466.0000,,229.930000000000
A,USD,STD,FS,C,GS,2020-12-31,114628,GOLDMAN SACHS GROUP INC,12,USA,95932.0000,,0.0000,263.710000000000
A,USD,STD,INDL,C,GS,2020-12-31,114628,GOLDMAN SACHS GROUP INC,12,USA,95932.0000,9459.0000,,263.710000000000
A,USD,STD,FS,C,GS,2021-12-31,114628,GOLDMAN SACHS GROUP INC,12,USA,109926.0000,,0.0000,382.550000000000
A,USD,STD,INDL,C,GS,2021-12-31,114628,GOLDMAN SACHS GROUP INC,12,USA,109926.0000,21635.0000,,382.550000000000
A,USD,STD,FS,C,GS,2022-12-31,114628,GOLDMAN SACHS GROUP INC,12,USA,117189.0000,,0.0000,343.380000000000
A,USD,STD,INDL,C,GS,2022-12-31,114628,GOLDMAN SACHS GROUP INC,12,USA,117189.0000,11261.0000,,343.380000000000
A,USD,STD,FS,C,GS,2023-12-31,114628,GOLDMAN SACHS GROUP INC,12,USA,116905.0000,,0.0000,385.770000000000
A,USD,STD,INDL,C,GS,2023-12-31,114628,GOLDMAN SACHS GROUP INC,12,USA,116905.0000,8516.0000,,385.770000000000
A,USD,STD,FS,C,GS,2024-12-31,114628,GOLDMAN SACHS GROUP INC,12,USA,121996.0000,,0.0000,572.620000000000
A,USD,STD,INDL,C,GS,2024-12-31,114628,GOLDMAN SACHS GROUP INC,12,USA,121996.0000,14276.0000,,572.620000000000
A,USD,STD,FS,C,GS,2025-12-31,114628,GOLDMAN SACHS GROUP INC,12,USA,124972.0000,,0.0000,879.000000000000
A,USD,STD,INDL,C,GS,2025-12-31,114628,GOLDMAN SACHS GROUP INC,12,USA,124972.0000,17176.0000,,879.000000000000
A,USD,STD,INDL,C,HON,2010-12-31,001300,HONEYWELL INTERNATIONAL INC,12,USA,10666.0000,2022.0000,,53.160000000000
A,USD,STD,INDL,C,HON,2011-12-31,001300,HONEYWELL INTERNATIONAL INC,12,USA,10806.0000,2067.0000,,54.350000000000
A,USD,STD,INDL,C,HON,2012-12-31,001300,HONEYWELL INTERNATIONAL INC,12,USA,12975.0000,2926.0000,,63.470000000000
A,USD,STD,INDL,C,HON,2013-12-31,001300,HONEYWELL INTERNATIONAL INC,12,USA,17467.0000,3924.0000,,91.370000000000
A,USD,STD,INDL,C,HON,2014-12-31,001300,HONEYWELL INTERNATIONAL INC,12,USA,17657.0000,4239.0000,,99.920000000000
A,USD,STD,INDL,C,HON,2015-12-31,001300,HONEYWELL INTERNATIONAL INC,12,USA,18283.0000,4768.0000,,103.570000000000
A,USD,STD,INDL,C,HON,2016-12-31,001300,HONEYWELL INTERNATIONAL INC,12,USA,19369.0000,4809.0000,,115.850000000000
A,USD,STD,INDL,C,HON,2017-12-31,001300,HONEYWELL INTERNATIONAL INC,12,USA,17276.0000,1655.0000,,153.360000000000
A,USD,STD,INDL,C,HON,2018-12-31,001300,HONEYWELL INTERNATIONAL INC,12,USA,18180.0000,6765.0000,,132.120000000000
A,USD,STD,INDL,C,HON,2019-12-31,001300,HONEYWELL INTERNATIONAL INC,12,USA,18494.0000,6143.0000,,177.000000000000
A,USD,STD,INDL,C,HON,2020-12-31,001300,HONEYWELL INTERNATIONAL INC,12,USA,17549.0000,4779.0000,,212.700000000000
A,USD,STD,INDL,C,HON,2021-12-31,001300,HONEYWELL INTERNATIONAL INC,12,USA,18569.0000,5542.0000,,208.510000000000
A,USD,STD,INDL,C,HON,2022-12-31,001300,HONEYWELL INTERNATIONAL INC,12,USA,16697.0000,4966.0000,,214.300000000000
A,USD,STD,INDL,C,HON,2023-12-31,001300,HONEYWELL INTERNATIONAL INC,12,USA,15856.0000,5658.0000,,209.710000000000
A,USD,STD,INDL,C,HON,2024-12-31,001300,HONEYWELL INTERNATIONAL INC,12,USA,18619.0000,5705.0000,,225.890000000000
A,USD,STD,INDL,C,HON,2025-12-31,001300,HONEYWELL INTERNATIONAL INC,12,USA,13904.0000,4729.0000,,195.090000000000
A,USD,STD,INDL,C,JNJ,2010-12-31,006266,JOHNSON & JOHNSON,12,USA,56579.0000,13334.0000,,61.850000000000
A,USD,STD,INDL,C,JNJ,2011-12-31,006266,JOHNSON & JOHNSON,12,USA,57080.0000,9672.0000,,65.580000000000
A,USD,STD,INDL,C,JNJ,2012-12-31,006266,JOHNSON & JOHNSON,12,USA,64826.0000,10853.0000,,70.100000000000
A,USD,STD,INDL,C,JNJ,2013-12-31,006266,JOHNSON & JOHNSON,12,USA,74053.0000,13831.0000,,91.590000000000
A,USD,STD,INDL,C,JNJ,2014-12-31,006266,JOHNSON & JOHNSON,12,USA,69752.0000,16323.0000,,104.570000000000
A,USD,STD,INDL,C,JNJ,2015-12-31,006266,JOHNSON & JOHNSON,12,USA,71150.0000,15409.0000,,102.720000000000
A,USD,STD,INDL,C,JNJ,2016-12-31,006266,JOHNSON & JOHNSON,12,USA,70418.0000,16540.0000,,115.210000000000
A,USD,STD,INDL,C,JNJ,2017-12-31,006266,JOHNSON & JOHNSON,12,USA,60160.0000,1300.0000,,139.720000000000
A,USD,STD,INDL,C,JNJ,2018-12-31,006266,JOHNSON & JOHNSON,12,USA,59752.0000,15297.0000,,129.050000000000
A,USD,STD,INDL,C,JNJ,2019-12-31,006266,JOHNSON & JOHNSON,12,USA,59471.0000,15119.0000,,145.870000000000
A,USD,STD,INDL,C,JNJ,2020-12-31,006266,JOHNSON & JOHNSON,12,USA,63278.0000,14714.0000,,157.380000000000
A,USD,STD,INDL,C,JNJ,2021-12-31,006266,JOHNSON & JOHNSON,12,USA,74023.0000,20878.0000,,171.070000000000
A,USD,STD,INDL,C,JNJ,2022-12-31,006266,JOHNSON & JOHNSON,12,USA,76804.0000,17941.0000,,176.650000000000
A,USD,STD,INDL,C,JNJ,2023-12-31,006266,JOHNSON & JOHNSON,12,USA,68774.0000,35153.0000,,156.740000000000
A,USD,STD,INDL,C,JNJ,2024-12-31,006266,JOHNSON & JOHNSON,12,USA,71490.0000,14066.0000,,144.620000000000
A,USD,STD,INDL,C,JNJ,2025-12-31,006266,JOHNSON & JOHNSON,12,USA,81544.0000,26804.0000,,206.950000000000
A,USD,STD,FS,C,JPM,2010-12-31,002968,JPMORGAN CHASE & CO,12,USA,176106.0000,,,42.420000000000
A,USD,STD,INDL,C,JPM,2010-12-31,002968,JPMORGAN CHASE & CO,12,USA,176106.0000,17370.0000,,42.420000000000
A,USD,STD,FS,C,JPM,2011-12-31,002968,JPMORGAN CHASE & CO,12,USA,183573.0000,,,33.250000000000
A,USD,STD,INDL,C,JPM,2011-12-31,002968,JPMORGAN CHASE & CO,12,USA,183573.0000,18976.0000,,33.250000000000
A,USD,STD,FS,C,JPM,2012-12-31,002968,JPMORGAN CHASE & CO,12,USA,204069.0000,,,43.969100000000
A,USD,STD,INDL,C,JPM,2012-12-31,002968,JPMORGAN CHASE & CO,12,USA,204069.0000,21284.0000,,43.969100000000
A,USD,STD,FS,C,JPM,2013-12-31,002968,JPMORGAN CHASE & CO,12,USA,211178.0000,,,58.480000000000
A,USD,STD,INDL,C,JPM,2013-12-31,002968,JPMORGAN CHASE & CO,12,USA,211178.0000,17923.0000,,58.480000000000
A,USD,STD,FS,C,JPM,2014-12-31,002968,JPMORGAN CHASE & CO,12,USA,232065.0000,,,62.580000000000
A,USD,STD,INDL,C,JPM,2014-12-31,002968,JPMORGAN CHASE & CO,12,USA,232065.0000,21762.0000,,62.580000000000
A,USD,STD,FS,C,JPM,2015-12-31,002968,JPMORGAN CHASE & CO,12,USA,247573.0000,,,66.030000000000
A,USD,STD,INDL,C,JPM,2015-12-31,002968,JPMORGAN CHASE & CO,12,USA,247573.0000,24442.0000,,66.030000000000
A,USD,STD,FS,C,JPM,2016-12-31,002968,JPMORGAN CHASE & CO,12,USA,254190.0000,,,86.290000000000
A,USD,STD,INDL,C,JPM,2016-12-31,002968,JPMORGAN CHASE & CO,12,USA,254190.0000,24733.0000,,86.290000000000
A,USD,STD,FS,C,JPM,2017-12-31,002968,JPMORGAN CHASE & CO,12,USA,255693.0000,,,106.940000000000
A,USD,STD,INDL,C,JPM,2017-12-31,002968,JPMORGAN CHASE & CO,12,USA,255693.0000,24441.0000,,106.940000000000
A,USD,STD,FS,C,JPM,2018-12-31,002968,JPMORGAN CHASE & CO,12,USA,256515.0000,,,97.620000000000
A,USD,STD,INDL,C,JPM,2018-12-31,002968,JPMORGAN CHASE & CO,12,USA,256515.0000,32474.0000,,97.620000000000
A,USD,STD,FS,C,JPM,2019-12-31,002968,JPMORGAN CHASE & CO,12,USA,261330.0000,,,139.400000000000
A,USD,STD,INDL,C,JPM,2019-12-31,002968,JPMORGAN CHASE & CO,12,USA,261330.0000,36431.0000,,139.400000000000
A,USD,STD,FS,C,JPM,2020-12-31,002968,JPMORGAN CHASE & CO,12,USA,279354.0000,,,127.070000000000
A,USD,STD,INDL,C,JPM,2020-12-31,002968,JPMORGAN CHASE & CO,12,USA,279354.0000,29131.0000,,127.070000000000
A,USD,STD,FS,C,JPM,2021-12-31,002968,JPMORGAN CHASE & CO,12,USA,294127.0000,,,158.350000000000
A,USD,STD,INDL,C,JPM,2021-12-31,002968,JPMORGAN CHASE & CO,12,USA,294127.0000,48334.0000,,158.350000000000
A,USD,STD,FS,C,JPM,2022-12-31,002968,JPMORGAN CHASE & CO,12,USA,292332.0000,,,134.100000000000
A,USD,STD,INDL,C,JPM,2022-12-31,002968,JPMORGAN CHASE & CO,12,USA,292332.0000,37676.0000,,134.100000000000
A,USD,STD,FS,C,JPM,2023-12-31,002968,JPMORGAN CHASE & CO,12,USA,327878.0000,,,170.100000000000
A,USD,STD,INDL,C,JPM,2023-12-31,002968,JPMORGAN CHASE & CO,12,USA,327878.0000,49552.0000,,170.100000000000
A,USD,STD,FS,C,JPM,2024-12-31,002968,JPMORGAN CHASE & CO,12,USA,344758.0000,,,239.710000000000
A,USD,STD,INDL,C,JPM,2024-12-31,002968,JPMORGAN CHASE & CO,12,USA,344758.0000,58471.0000,,239.710000000000
A,USD,STD,FS,C,JPM,2025-12-31,002968,JPMORGAN CHASE & CO,12,USA,362438.0000,,,322.220000000000
A,USD,STD,INDL,C,JPM,2025-12-31,002968,JPMORGAN CHASE & CO,12,USA,362438.0000,57048.0000,,322.220000000000
A,USD,STD,INDL,C,KO,2010-12-31,003144,COCA-COLA CO,12,USA,31003.0000,11809.0000,,65.770000000000
A,USD,STD,INDL,C,KO,2011-12-31,003144,COCA-COLA CO,12,USA,31635.0000,8572.0000,,69.970000000000
A,USD,STD,INDL,C,KO,2012-12-31,003144,COCA-COLA CO,12,USA,32790.0000,9019.0000,,36.250000000000
A,USD,STD,INDL,C,KO,2013-12-31,003144,COCA-COLA CO,12,USA,33173.0000,8584.0000,,41.310000000000
A,USD,STD,INDL,C,KO,2014-12-31,003144,COCA-COLA CO,12,USA,30320.0000,7098.0000,,42.220000000000
A,USD,STD,INDL,C,KO,2015-12-31,003144,COCA-COLA CO,12,USA,25554.0000,7351.0000,,42.960000000000
A,USD,STD,INDL,C,KO,2016-12-31,003144,COCA-COLA CO,12,USA,23062.0000,6527.0000,,41.460000000000
A,USD,STD,INDL,C,KO,2017-12-31,003144,COCA-COLA CO,12,USA,17072.0000,1248.0000,,45.880000000000
A,USD,STD,INDL,C,KO,2018-12-31,003144,COCA-COLA CO,12,USA,16981.0000,6434.0000,,47.350000000000
A,USD,STD,INDL,C,KO,2019-12-31,003144,COCA-COLA CO,12,USA,18981.0000,8920.0000,,55.350000000000
A,USD,STD,INDL,C,KO,2020-12-31,003144,COCA-COLA CO,12,USA,19299.0000,7747.0000,,54.840000000000
A,USD,STD,INDL,C,KO,2021-12-31,003144,COCA-COLA CO,12,USA,22999.0000,9771.0000,,59.210000000000
A,USD,STD,INDL,C,KO,2022-12-31,003144,COCA-COLA CO,12,USA,24105.0000,9542.0000,,63.610000000000
A,USD,STD,INDL,C,KO,2023-12-31,003144,COCA-COLA CO,12,USA,25941.0000,10714.0000,,58.930000000000
A,USD,STD,INDL,C,KO,2024-12-31,003144,COCA-COLA CO,12,USA,24856.0000,10631.0000,,62.260000000000
A,USD,STD,INDL,C,KO,2025-12-31,003144,COCA-COLA CO,12,USA,32169.0000,13107.0000,,69.910000000000
A,USD,STD,INDL,C,MCD,2010-12-31,007154,MCDONALD'S CORP,12,USA,14634.2000,4946.3000,,76.760000000000
A,USD,STD,INDL,C,MCD,2011-12-31,007154,MCDONALD'S CORP,12,USA,14390.2000,5503.1000,,100.330000000000
A,USD,STD,INDL,C,MCD,2012-12-31,007154,MCDONALD'S CORP,12,USA,15293.6000,5464.8000,,88.210000000000
A,USD,STD,INDL,C,MCD,2013-12-31,007154,MCDONALD'S CORP,12,USA,16009.7000,5585.9000,,97.030000000000
A,USD,STD,INDL,C,MCD,2014-12-31,007154,MCDONALD'S CORP,12,USA,12853.4000,4757.8000,,93.700000000000
A,USD,STD,INDL,C,MCD,2015-12-31,007154,MCDONALD'S CORP,12,USA,7087.9000,4529.3000,,118.140000000000
A,USD,STD,INDL,C,MCD,2016-12-31,007154,MCDONALD'S CORP,12,USA,-2204.3000,4686.5000,,121.720000000000
A,USD,STD,INDL,C,MCD,2017-12-31,007154,MCDONALD'S CORP,12,USA,-3268.0000,5192.3000,,172.120000000000
A,USD,STD,INDL,C,MCD,2018-12-31,007154,MCDONALD'S CORP,12,USA,-6258.4000,5924.3000,,177.570000000000
A,USD,STD,INDL,C,MCD,2019-12-31,007154,MCDONALD'S CORP,12,USA,-8210.3000,6025.4000,,197.610000000000
A,USD,STD,INDL,C,MCD,2020-12-31,007154,MCDONALD'S CORP,12,USA,-7824.9000,4730.5000,,214.580000000000
A,USD,STD,INDL,C,MCD,2021-12-31,007154,MCDONALD'S CORP,12,USA,-4601.0000,7545.2000,,268.070000000000
A,USD,STD,INDL,C,MCD,2022-12-31,007154,MCDONALD'S CORP,12,USA,-6003.4000,6177.4000,,263.530000000000
A,USD,STD,INDL,C,MCD,2023-12-31,007154,MCDONALD'S CORP,12,USA,-4706.7000,8468.8000,,296.510000000000
A,USD,STD,INDL,C,MCD,2024-12-31,007154,MCDONALD'S CORP,12,USA,-3797.0000,8223.0000,,289.890000000000
A,USD,STD,INDL,C,MCD,2025-12-31,007154,MCDONALD'S CORP,12,USA,-1791.0000,8563.0000,,305.630000000000
A,USD,STD,INDL,C,META,2010-12-31,170617,META PLATFORMS INC,12,USA,2162.0000,606.0000,,
A,USD,STD,INDL,C,META,2011-12-31,170617,META PLATFORMS INC,12,USA,4899.0000,1000.0000,,
A,USD,STD,INDL,C,META,2012-12-31,170617,META PLATFORMS INC,12,USA,11755.0000,53.0000,,26.619700000000
A,USD,STD,INDL,C,META,2013-12-31,170617,META PLATFORMS INC,12,USA,15470.0000,1500.0000,,54.649000000000
A,USD,STD,INDL,C,META,2014-12-31,170617,META PLATFORMS INC,12,USA,36096.0000,2940.0000,,78.020000000000
A,USD,STD,INDL,C,META,2015-12-31,170617,META PLATFORMS INC,12,USA,44218.0000,3688.0000,,104.660000000000
A,USD,STD,INDL,C,META,2016-12-31,170617,META PLATFORMS INC,12,USA,59194.0000,10217.0000,,115.050000000000
A,USD,STD,INDL,C,META,2017-12-31,170617,META PLATFORMS INC,12,USA,74347.0000,15934.0000,,176.460000000000
A,USD,STD,INDL,C,META,2018-12-31,170617,META PLATFORMS INC,12,USA,84127.0000,22112.0000,,131.090000000000
A,USD,STD,INDL,C,META,2019-12-31,170617,META PLATFORMS INC,12,USA,101054.0000,18485.0000,,205.250000000000
A,USD,STD,INDL,C,META,2020-12-31,170617,META PLATFORMS INC,12,USA,128290.0000,29146.0000,,273.160000000000
A,USD,STD,INDL,C,META,2021-12-31,170617,META PLATFORMS INC,12,USA,124879.0000,39370.0000,,336.350000000000
A,USD,STD,INDL,C,META,2022-12-31,170617,META PLATFORMS INC,12,USA,125713.0000,23200.0000,,120.340000000000
A,USD,STD,INDL,C,META,2023-12-31,170617,META PLATFORMS INC,12,USA,153168.0000,39098.0000,,353.960000000000
A,USD,STD,INDL,C,META,2024-12-31,170617,META PLATFORMS INC,12,USA,182637.0000,62360.0000,,585.510000000000
A,USD,STD,INDL,C,META,2025-12-31,170617,META PLATFORMS INC,12,USA,217243.0000,60458.0000,,660.090000000000
A,USD,STD,INDL,C,MRK,2010-12-31,007257,MERCK & CO INC,12,USA,54376.0000,861.0000,,36.040000000000
A,USD,STD,INDL,C,MRK,2011-12-31,007257,MERCK & CO INC,12,USA,54517.0000,6272.0000,,37.700000000000
A,USD,STD,INDL,C,MRK,2012-12-31,007257,MERCK & CO INC,12,USA,53020.0000,6168.0000,,40.940000000000
A,USD,STD,INDL,C,MRK,2013-12-31,007257,MERCK & CO INC,12,USA,49765.0000,4404.0000,,50.050000000000
A,USD,STD,INDL,C,MRK,2014-12-31,007257,MERCK & CO INC,12,USA,48647.0000,11920.0000,,56.790000000000
A,USD,STD,INDL,C,MRK,2015-12-31,007257,MERCK & CO INC,12,USA,44676.0000,4442.0000,,52.820000000000
A,USD,STD,INDL,C,MRK,2016-12-31,007257,MERCK & CO INC,12,USA,40088.0000,3920.0000,,58.870000000000
A,USD,STD,INDL,C,MRK,2017-12-31,007257,MERCK & CO INC,12,USA,34336.0000,2394.0000,,56.270000000000
A,USD,STD,INDL,C,MRK,2018-12-31,007257,MERCK & CO INC,12,USA,26701.0000,6220.0000,,76.410000000000
A,USD,STD,INDL,C,MRK,2019-12-31,007257,MERCK & CO INC,12,USA,25907.0000,9843.0000,,90.950000000000
A,USD,STD,INDL,C,MRK,2020-12-31,007257,MERCK & CO INC,12,USA,25317.0000,7067.0000,,81.800000000000
A,USD,STD,INDL,C,MRK,2021-12-31,007257,MERCK & CO INC,12,USA,38184.0000,13049.0000,,76.640000000000
A,USD,STD,INDL,C,MRK,2022-12-31,007257,MERCK & CO INC,12,USA,45991.0000,14519.0000,,110.950000000000
A,USD,STD,INDL,C,MRK,2023-12-31,007257,MERCK & CO INC,12,USA,37581.0000,365.0000,,109.020000000000
A,USD,STD,INDL,C,MRK,2024-12-31,007257,MERCK & CO INC,12,USA,46313.0000,17117.0000,,99.480000000000
A,USD,STD,INDL,C,MRK,2025-12-31,007257,MERCK & CO INC,12,USA,52606.0000,18254.0000,,105.260000000000
A,USD,STD,INDL,C,MSFT,2010-06-30,012141,MICROSOFT CORP,6,USA,46175.0000,18760.0000,,23.010000000000
A,USD,STD,INDL,C,MSFT,2011-06-30,012141,MICROSOFT CORP,6,USA,57083.0000,23150.0000,,26.000000000000
A,USD,STD,INDL,C,MSFT,2012-06-30,012141,MICROSOFT CORP,6,USA,66363.0000,16978.0000,,30.590000000000
A,USD,STD,INDL,C,MSFT,2013-06-30,012141,MICROSOFT CORP,6,USA,78944.0000,21863.0000,,34.545000000000
A,USD,STD,INDL,C,MSFT,2014-06-30,012141,MICROSOFT CORP,6,USA,89784.0000,22074.0000,,41.700000000000
A,USD,STD,INDL,C,MSFT,2015-06-30,012141,MICROSOFT CORP,6,USA,80083.0000,12193.0000,,44.150000000000
A,USD,STD,INDL,C,MSFT,2016-06-30,012141,MICROSOFT CORP,6,USA,71997.0000,16798.0000,,51.170000000000
A,USD,STD,INDL,C,MSFT,2017-06-30,012141,MICROSOFT CORP,6,USA,72394.0000,21204.0000,,68.930000000000
A,USD,STD,INDL,C,MSFT,2018-06-30,012141,MICROSOFT CORP,6,USA,82718.0000,16571.0000,,98.610000000000
A,USD,STD,INDL,C,MSFT,2019-06-30,012141,MICROSOFT CORP,6,USA,102330.0000,39240.0000,,133.960000000000
A,USD,STD,INDL,C,MSFT,2020-06-30,012141,MICROSOFT CORP,6,USA,118304.0000,44281.0000,,203.510000000000
A,USD,STD,INDL,C,MSFT,2021-06-30,012141,MICROSOFT CORP,6,USA,141988.0000,61271.0000,,270.900000000000
A,USD,STD,INDL,C,MSFT,2022-06-30,012141,MICROSOFT CORP,6,USA,166542.0000,72738.0000,,256.830000000000
A,USD,STD,INDL,C,MSFT,2023-06-30,012141,MICROSOFT CORP,6,USA,206223.0000,72361.0000,,340.540000000000
A,USD,STD,INDL,C,MSFT,2024-06-30,012141,MICROSOFT CORP,6,USA,268477.0000,88136.0000,,446.950000000000
A,USD,STD,INDL,C,MSFT,2025-06-30,012141,MICROSOFT CORP,6,USA,343479.0000,101832.0000,,497.410000000000
A,USD,STD,INDL,C,NFLX,2010-12-31,147579,NETFLIX INC,12,USA,290.1640,160.8530,,175.700000000000
A,USD,STD,INDL,C,NFLX,2011-12-31,147579,NETFLIX INC,12,USA,642.8100,226.1260,,69.290000000000
A,USD,STD,INDL,C,NFLX,2012-12-31,147579,NETFLIX INC,12,USA,744.6730,17.1520,,92.590000000000
A,USD,STD,INDL,C,NFLX,2013-12-31,147579,NETFLIX INC,12,USA,1333.5610,112.4030,,368.170000000000
A,USD,STD,INDL,C,NFLX,2014-12-31,147579,NETFLIX INC,12,USA,1857.7080,266.7990,,341.610000000000
A,USD,STD,INDL,C,NFLX,2015-12-31,147579,NETFLIX INC,12,USA,2223.4260,122.6410,,114.380000000000
A,USD,STD,INDL,C,NFLX,2016-12-31,147579,NETFLIX INC,12,USA,2679.8000,186.6780,,123.800000000000
A,USD,STD,INDL,C,NFLX,2017-12-31,147579,NETFLIX INC,12,USA,3581.9560,558.9290,,191.960000000000
A,USD,STD,INDL,C,NFLX,2018-12-31,147579,NETFLIX INC,12,USA,5238.7650,1211.2420,,267.660000000000
A,USD,STD,INDL,C,NFLX,2019-12-31,147579,NETFLIX INC,12,USA,7582.1570,1866.9160,,323.570000000000
A,USD,STD,INDL,C,NFLX,2020-12-31,147579,NETFLIX INC,12,USA,11065.2400,2761.3950,,540.730000000000
A,USD,STD,INDL,C,NFLX,2021-12-31,147579,NETFLIX INC,12,USA,15849.2480,5116.2280,,602.440000000000
A,USD,STD,INDL,C,NFLX,2022-12-31,147579,NETFLIX INC,12,USA,20777.4010,4491.9240,,294.880000000000
A,USD,STD,INDL,C,NFLX,2023-12-31,147579,NETFLIX INC,12,USA,20588.3130,5407.9900,,486.880000000000
A,USD,STD,INDL,C,NFLX,2024-12-31,147579,NETFLIX INC,12,USA,24743.5670,8711.6310,,891.320000000000
A,USD,STD,INDL,C,NFLX,2025-12-31,147579,NETFLIX INC,12,USA,26615.4880,10981.2010,,93.760000000000
A,USD,STD,INDL,C,NVDA,2010-01-31,117768,NVIDIA CORP,1,USA,2665.1400,-67.9870,,15.390000000000
A,USD,STD,INDL,C,NVDA,2011-01-31,117768,NVIDIA CORP,1,USA,3181.4620,253.1460,,23.920000000000
A,USD,STD,INDL,C,NVDA,2012-01-31,117768,NVIDIA CORP,1,USA,4145.7240,581.0900,,14.770000000000
A,USD,STD,INDL,C,NVDA,2013-01-31,117768,NVIDIA CORP,1,USA,4827.7030,562.5360,,12.260000000000
A,USD,STD,INDL,C,NVDA,2014-01-31,117768,NVIDIA CORP,1,USA,4456.3980,439.9900,,15.700000000000
A,USD,STD,INDL,C,NVDA,2015-01-31,117768,NVIDIA CORP,1,USA,4417.9820,630.5870,,19.205000000000
A,USD,STD,INDL,C,NVDA,2016-01-31,117768,NVIDIA CORP,1,USA,4469.0000,614.0000,,29.290000000000
A,USD,STD,INDL,C,NVDA,2017-01-31,117768,NVIDIA CORP,1,USA,5762.0000,1666.0000,,109.180000000000
A,USD,STD,INDL,C,NVDA,2018-01-31,117768,NVIDIA CORP,1,USA,7471.0000,3047.0000,,245.800000000000
A,USD,STD,INDL,C,NVDA,2019-01-31,117768,NVIDIA CORP,1,USA,9342.0000,4141.0000,,143.750000000000
A,USD,STD,INDL,C,NVDA,2020-01-31,117768,NVIDIA CORP,1,USA,12204.0000,2796.0000,,236.430000000000
A,USD,STD,INDL,C,NVDA,2021-01-31,117768,NVIDIA CORP,1,USA,16893.0000,4332.0000,,519.590000000000
A,USD,STD,INDL,C,NVDA,2022-01-31,117768,NVIDIA CORP,1,USA,26612.0000,9752.0000,,244.860000000000
A,USD,STD,INDL,C,NVDA,2023-01-31,117768,NVIDIA CORP,1,USA,22101.0000,4368.0000,,195.370000000000
A,USD,STD,INDL,C,NVDA,2024-01-31,117768,NVIDIA CORP,1,USA,42978.0000,29760.0000,,615.270000000000
A,USD,STD,INDL,C,NVDA,2025-01-31,117768,NVIDIA CORP,1,USA,79327.0000,72880.0000,,120.070000000000
A,USD,STD,INDL,C,NVDA,2026-01-31,117768,NVIDIA CORP,1,USA,157293.0000,120067.0000,,191.130000000000
A,USD,STD,INDL,C,PEP,2010-12-31,008479,PEPSICO INC,12,USA,21164.0000,6320.0000,,65.330000000000
A,USD,STD,INDL,C,PEP,2011-12-31,008479,PEPSICO INC,12,USA,20588.0000,6443.0000,,66.350000000000
A,USD,STD,INDL,C,PEP,2012-12-31,008479,PEPSICO INC,12,USA,22294.0000,6178.0000,,68.430000000000
A,USD,STD,INDL,C,PEP,2013-12-31,008479,PEPSICO INC,12,USA,24279.0000,6740.0000,,82.940000000000
A,USD,STD,INDL,C,PEP,2014-12-31,008479,PEPSICO INC,12,USA,17438.0000,6513.0000,,94.560000000000
A,USD,STD,INDL,C,PEP,2015-12-31,008479,PEPSICO INC,12,USA,11923.0000,5452.0000,,99.920000000000
A,USD,STD,INDL,C,PEP,2016-12-31,008479,PEPSICO INC,12,USA,11095.0000,6329.0000,,104.630000000000
A,USD,STD,INDL,C,PEP,2017-12-31,008479,PEPSICO INC,12,USA,10889.0000,4857.0000,,119.920000000000
A,USD,STD,INDL,C,PEP,2018-12-31,008479,PEPSICO INC,12,USA,14518.0000,12515.0000,,110.480000000000
A,USD,STD,INDL,C,PEP,2019-12-31,008479,PEPSICO INC,12,USA,14786.0000,7314.0000,,136.670000000000
A,USD,STD,INDL,C,PEP,2020-12-31,008479,PEPSICO INC,12,USA,13454.0000,7120.0000,,148.300000000000
A,USD,STD,INDL,C,PEP,2021-12-31,008479,PEPSICO INC,12,USA,16043.0000,7618.0000,,173.710000000000
A,USD,STD,INDL,C,PEP,2022-12-31,008479,PEPSICO INC,12,USA,17149.0000,8910.0000,,180.660000000000
A,USD,STD,INDL,C,PEP,2023-12-31,008479,PEPSICO INC,12,USA,18503.0000,9074.0000,,169.840000000000
A,USD,STD,INDL,C,PEP,2024-12-31,008479,PEPSICO INC,12,USA,18041.0000,9578.0000,,152.060000000000
A,USD,STD,INDL,C,PEP,2025-12-31,008479,PEPSICO INC,12,USA,20406.0000,8240.0000,,143.520000000000
A,USD,STD,INDL,C,PFE,2010-12-31,008530,PFIZER INC,12,USA,87813.0000,8257.0000,,17.510000000000
A,USD,STD,INDL,C,PFE,2011-12-31,008530,PFIZER INC,12,USA,82190.0000,10009.0000,,21.640000000000
A,USD,STD,INDL,C,PFE,2012-12-31,008530,PFIZER INC,12,USA,81260.0000,14570.0000,,25.079300000000
A,USD,STD,INDL,C,PFE,2013-12-31,008530,PFIZER INC,12,USA,76307.0000,22003.0000,,30.630000000000
A,USD,STD,INDL,C,PFE,2014-12-31,008530,PFIZER INC,12,USA,71301.0000,9136.0000,,31.150000000000
A,USD,STD,INDL,C,PFE,2015-12-31,008530,PFIZER INC,12,USA,64720.0000,6960.0000,,32.280000000000
A,USD,STD,INDL,C,PFE,2016-12-31,008530,PFIZER INC,12,USA,59544.0000,7215.0000,,32.480000000000
A,USD,STD,INDL,C,PFE,2017-12-31,008530,PFIZER INC,12,USA,71308.0000,21308.0000,,36.220000000000
A,USD,STD,INDL,C,PFE,2018-12-31,008530,PFIZER INC,12,USA,63407.0000,11153.0000,,43.650000000000
A,USD,STD,INDL,C,PFE,2019-12-31,008530,PFIZER INC,12,USA,63143.0000,16273.0000,,39.180000000000
A,USD,STD,INDL,C,PFE,2020-12-31,008530,PFIZER INC,12,USA,63238.0000,9616.0000,,36.810000000000
A,USD,STD,INDL,C,PFE,2021-12-31,008530,PFIZER INC,12,USA,77201.0000,21979.0000,,59.050000000000
A,USD,STD,INDL,C,PFE,2022-12-31,008530,PFIZER INC,12,USA,95661.0000,31372.0000,,51.240000000000
A,USD,STD,INDL,C,PFE,2023-12-31,008530,PFIZER INC,12,USA,89014.0000,2119.0000,,28.790000000000
A,USD,STD,INDL,C,PFE,2024-12-31,008530,PFIZER INC,12,USA,88203.0000,8031.0000,,26.530000000000
A,USD,STD,INDL,C,PFE,2025-12-31,008530,PFIZER INC,12,USA,86476.0000,7771.0000,,24.900000000000
A,USD,STD,INDL,C,TSLA,2010-12-31,184996,TESLA INC,12,USA,207.0480,-154.3280,,26.630000000000
A,USD,STD,INDL,C,TSLA,2011-12-31,184996,TESLA INC,12,USA,224.0450,-254.4110,,28.560000000000
A,USD,STD,INDL,C,TSLA,2012-12-31,184996,TESLA INC,12,USA,124.7000,-396.2130,,33.870000000000
A,USD,STD,INDL,C,TSLA,2013-12-31,184996,TESLA INC,12,USA,667.1200,-74.0140,,150.429000000000
A,USD,STD,INDL,C,TSLA,2014-12-31,184996,TESLA INC,12,USA,969.9060,-294.0400,,222.410000000000
A,USD,STD,INDL,C,TSLA,2015-12-31,184996,TESLA INC,12,USA,1130.9890,-888.6630,,240.010000000000
A,USD,STD,INDL,C,TSLA,2016-12-31,184996,TESLA INC,12,USA,4761.6950,-674.9140,,213.690000000000
A,USD,STD,INDL,C,TSLA,2017-12-31,184996,TESLA INC,12,USA,4237.3120,-1961.4000,,311.350000000000
A,USD,STD,INDL,C,TSLA,2018-12-31,184996,TESLA INC,12,USA,4923.2430,-976.0910,,332.800000000000
A,USD,STD,INDL,C,TSLA,2019-12-31,184996,TESLA INC,12,USA,6618.0000,-862.0000,,418.330000000000
A,USD,STD,INDL,C,TSLA,2020-12-31,184996,TESLA INC,12,USA,22225.0000,721.0000,,705.670000000000
A,USD,STD,INDL,C,TSLA,2021-12-31,184996,TESLA INC,12,USA,30189.0000,5519.0000,,1056.780000000000
A,USD,STD,INDL,C,TSLA,2022-12-31,184996,TESLA INC,12,USA,44704.0000,12556.0000,,123.180000000000
A,USD,STD,INDL,C,TSLA,2023-12-31,184996,TESLA INC,12,USA,62634.0000,14997.0000,,248.480000000000
A,USD,STD,INDL,C,TSLA,2024-12-31,184996,TESLA INC,12,USA,72913.0000,7091.0000,,403.840000000000
A,USD,STD,INDL,C,TSLA,2025-12-31,184996,TESLA INC,12,USA,82137.0000,3794.0000,,449.720000000000
A,USD,STD,FS,C,UNH,2010-12-31,010903,UNITEDHEALTH GROUP INC,12,USA,25825.0000,,0.0000,36.110000000000
A,USD,STD,INDL,C,UNH,2010-12-31,010903,UNITEDHEALTH GROUP INC,12,USA,25825.0000,4634.0000,,36.110000000000
A,USD,STD,FS,C,UNH,2011-12-31,010903,UNITEDHEALTH GROUP INC,12,USA,28292.0000,,0.0000,50.680000000000
A,USD,STD,INDL,C,UNH,2011-12-31,010903,UNITEDHEALTH GROUP INC,12,USA,28292.0000,5142.0000,,50.680000000000
A,USD,STD,FS,C,UNH,2012-12-31,010903,UNITEDHEALTH GROUP INC,12,USA,31178.0000,,0.0000,54.240000000000
A,USD,STD,INDL,C,UNH,2012-12-31,010903,UNITEDHEALTH GROUP INC,12,USA,31178.0000,5526.0000,,54.240000000000
A,USD,STD,FS,C,UNH,2013-12-31,010903,UNITEDHEALTH GROUP INC,12,USA,32149.0000,,0.0000,75.300000000000
A,USD,STD,INDL,C,UNH,2013-12-31,010903,UNITEDHEALTH GROUP INC,12,USA,32149.0000,5625.0000,,75.300000000000
A,USD,STD,FS,C,UNH,2014-12-31,010903,UNITEDHEALTH GROUP INC,12,USA,32454.0000,,0.0000,101.090000000000
A,USD,STD,INDL,C,UNH,2014-12-31,010903,UNITEDHEALTH GROUP INC,12,USA,32454.0000,5619.0000,,101.090000000000
A,USD,STD,FS,C,UNH,2015-12-31,010903,UNITEDHEALTH GROUP INC,12,USA,33830.0000,,0.0000,117.640000000000
A,USD,STD,INDL,C,UNH,2015-12-31,010903,UNITEDHEALTH GROUP INC,12,USA,33830.0000,5813.0000,,117.640000000000
A,USD,STD,FS,C,UNH,2016-12-31,010903,UNITEDHEALTH GROUP INC,12,USA,38274.0000,,0.0000,160.040000000000
A,USD,STD,INDL,C,UNH,2016-12-31,010903,UNITEDHEALTH GROUP INC,12,USA,38274.0000,7017.0000,,160.040000000000
A,USD,STD,FS,C,UNH,2017-12-31,010903,UNITEDHEALTH GROUP INC,12,USA,47776.0000,,0.0000,220.460000000000
A,USD,STD,INDL,C,UNH,2017-12-31,010903,UNITEDHEALTH GROUP INC,12,USA,47776.0000,10558.0000,,220.460000000000
A,USD,STD,FS,C,UNH,2018-12-31,010903,UNITEDHEALTH GROUP INC,12,USA,51696.0000,,0.0000,249.120000000000
A,USD,STD,INDL,C,UNH,2018-12-31,010903,UNITEDHEALTH GROUP INC,12,USA,51696.0000,11986.0000,,249.120000000000
A,USD,STD,FS,C,UNH,2019-12-31,010903,UNITEDHEALTH GROUP INC,12,USA,57616.0000,,0.0000,293.980000000000
A,USD,STD,INDL,C,UNH,2019-12-31,010903,UNITEDHEALTH GROUP INC,12,USA,57616.0000,13839.0000,,293.980000000000
A,USD,STD,FS,C,UNH,2020-12-31,010903,UNITEDHEALTH GROUP INC,12,USA,65491.0000,,0.0000,350.680000000000
A,USD,STD,INDL,C,UNH,2020-12-31,010903,UNITEDHEALTH GROUP INC,12,USA,65491.0000,15403.0000,,350.680000000000
A,USD,STD,FS,C,UNH,2021-12-31,010903,UNITEDHEALTH GROUP INC,12,USA,71760.0000,,0.0000,502.140000000000
A,USD,STD,INDL,C,UNH,2021-12-31,010903,UNITEDHEALTH GROUP INC,12,USA,71760.0000,17285.0000,,502.140000000000
A,USD,STD,FS,C,UNH,2022-12-31,010903,UNITEDHEALTH GROUP INC,12,USA,77772.0000,,0.0000,530.180000000000
A,USD,STD,INDL,C,UNH,2022-12-31,010903,UNITEDHEALTH GROUP INC,12,USA,77772.0000,20120.0000,,530.180000000000
A,USD,STD,FS,C,UNH,2023-12-31,010903,UNITEDHEALTH GROUP INC,12,USA,88756.0000,,0.0000,526.470000000000
A,USD,STD,INDL,C,UNH,2023-12-31,010903,UNITEDHEALTH GROUP INC,12,USA,88756.0000,22381.0000,,526.470000000000
A,USD,STD,FS,C,UNH,2024-12-31,010903,UNITEDHEALTH GROUP INC,12,USA,92658.0000,,0.0000,505.860000000000
A,USD,STD,INDL,C,UNH,2024-12-31,010903,UNITEDHEALTH GROUP INC,12,USA,92658.0000,14405.0000,,505.860000000000
A,USD,STD,FS,C,UNH,2025-12-31,010903,UNITEDHEALTH GROUP INC,12,USA,94110.0000,,0.0000,330.110000000000
A,USD,STD,INDL,C,UNH,2025-12-31,010903,UNITEDHEALTH GROUP INC,12,USA,94110.0000,12056.0000,,330.110000000000
A,USD,STD,INDL,C,VZ,2010-12-31,002136,VERIZON COMMUNICATIONS INC,12,USA,38569.0000,2549.0000,,35.780000000000
A,USD,STD,INDL,C,VZ,2011-12-31,002136,VERIZON COMMUNICATIONS INC,12,USA,35970.0000,2404.0000,,40.120000000000
A,USD,STD,INDL,C,VZ,2012-12-31,002136,VERIZON COMMUNICATIONS INC,12,USA,33157.0000,875.0000,,43.270000000000
A,USD,STD,INDL,C,VZ,2013-12-31,002136,VERIZON COMMUNICATIONS INC,12,USA,38836.0000,11497.0000,,49.140000000000
A,USD,STD,INDL,C,VZ,2014-12-31,002136,VERIZON COMMUNICATIONS INC,12,USA,12298.0000,9625.0000,,46.780000000000
A,USD,STD,INDL,C,VZ,2015-12-31,002136,VERIZON COMMUNICATIONS INC,12,USA,16428.0000,17879.0000,,46.220000000000
A,USD,STD,INDL,C,VZ,2016-12-31,002136,VERIZON COMMUNICATIONS INC,12,USA,22524.0000,13127.0000,,53.380000000000
A,USD,STD,INDL,C,VZ,2017-12-31,002136,VERIZON COMMUNICATIONS INC,12,USA,43096.0000,30101.0000,,52.930000000000
A,USD,STD,INDL,C,VZ,2018-12-31,002136,VERIZON COMMUNICATIONS INC,12,USA,53145.0000,15528.0000,,56.220000000000
A,USD,STD,INDL,C,VZ,2019-12-31,002136,VERIZON COMMUNICATIONS INC,12,USA,61395.0000,19265.0000,,61.400000000000
A,USD,STD,INDL,C,VZ,2020-12-31,002136,VERIZON COMMUNICATIONS INC,12,USA,67842.0000,17801.0000,,58.750000000000
A,USD,STD,INDL,C,VZ,2021-12-31,002136,VERIZON COMMUNICATIONS INC,12,USA,81790.0000,22065.0000,,51.960000000000
A,USD,STD,INDL,C,VZ,2022-12-31,002136,VERIZON COMMUNICATIONS INC,12,USA,91144.0000,21256.0000,,39.400000000000
A,USD,STD,INDL,C,VZ,2023-12-31,002136,VERIZON COMMUNICATIONS INC,12,USA,92430.0000,11614.0000,,37.700000000000
A,USD,STD,INDL,C,VZ,2024-12-31,002136,VERIZON COMMUNICATIONS INC,12,USA,99237.0000,17506.0000,,39.990000000000
A,USD,STD,INDL,C,VZ,2025-12-31,002136,VERIZON COMMUNICATIONS INC,12,USA,104460.0000,17174.0000,,40.730000000000
A,USD,STD,FS,C,WFC,2010-12-31,008007,WELLS FARGO & CO,12,USA,126408.0000,,,30.990000000000
A,USD,STD,INDL,C,WFC,2010-12-31,008007,WELLS FARGO & CO,12,USA,126408.0000,12362.0000,,30.990000000000
A,USD,STD,FS,C,WFC,2011-12-31,008007,WELLS FARGO & CO,12,USA,140241.0000,,,27.560000000000
A,USD,STD,INDL,C,WFC,2011-12-31,008007,WELLS FARGO & CO,12,USA,140241.0000,15869.0000,,27.560000000000
A,USD,STD,FS,C,WFC,2012-12-31,008007,WELLS FARGO & CO,12,USA,157554.0000,,,34.180000000000
A,USD,STD,INDL,C,WFC,2012-12-31,008007,WELLS FARGO & CO,12,USA,157554.0000,18897.0000,,34.180000000000
A,USD,STD,FS,C,WFC,2013-12-31,008007,WELLS FARGO & CO,12,USA,170142.0000,,,45.400000000000
A,USD,STD,INDL,C,WFC,2013-12-31,008007,WELLS FARGO & CO,12,USA,170142.0000,21878.0000,,45.400000000000
A,USD,STD,FS,C,WFC,2014-12-31,008007,WELLS FARGO & CO,12,USA,184394.0000,,,54.820000000000
A,USD,STD,INDL,C,WFC,2014-12-31,008007,WELLS FARGO & CO,12,USA,184394.0000,23057.0000,,54.820000000000
A,USD,STD,FS,C,WFC,2015-12-31,008007,WELLS FARGO & CO,12,USA,193132.0000,,,54.360000000000
A,USD,STD,INDL,C,WFC,2015-12-31,008007,WELLS FARGO & CO,12,USA,193132.0000,22894.0000,,54.360000000000
A,USD,STD,FS,C,WFC,2016-12-31,008007,WELLS FARGO & CO,12,USA,199581.0000,,,55.110000000000
A,USD,STD,INDL,C,WFC,2016-12-31,008007,WELLS FARGO & CO,12,USA,199581.0000,21938.0000,,55.110000000000
A,USD,STD,FS,C,WFC,2017-12-31,008007,WELLS FARGO & CO,12,USA,206936.0000,,,60.670000000000
A,USD,STD,INDL,C,WFC,2017-12-31,008007,WELLS FARGO & CO,12,USA,206936.0000,22183.0000,,60.670000000000
A,USD,STD,FS,C,WFC,2018-12-31,008007,WELLS FARGO & CO,12,USA,196166.0000,,,46.080000000000
A,USD,STD,INDL,C,WFC,2018-12-31,008007,WELLS FARGO & CO,12,USA,196166.0000,22393.0000,,46.080000000000
A,USD,STD,FS,C,WFC,2019-12-31,008007,WELLS FARGO & CO,12,USA,187146.0000,,,53.800000000000
A,USD,STD,INDL,C,WFC,2019-12-31,008007,WELLS FARGO & CO,12,USA,187146.0000,19549.0000,,53.800000000000
A,USD,STD,FS,C,WFC,2020-12-31,008007,WELLS FARGO & CO,12,USA,184887.0000,,,30.180000000000
A,USD,STD,INDL,C,WFC,2020-12-31,008007,WELLS FARGO & CO,12,USA,184887.0000,3301.0000,,30.180000000000
A,USD,STD,FS,C,WFC,2021-12-31,008007,WELLS FARGO & CO,12,USA,187606.0000,,,47.980000000000
A,USD,STD,INDL,C,WFC,2021-12-31,008007,WELLS FARGO & CO,12,USA,187606.0000,21548.0000,,47.980000000000
A,USD,STD,FS,C,WFC,2022-12-31,008007,WELLS FARGO & CO,12,USA,179889.0000,,,41.290000000000
A,USD,STD,INDL,C,WFC,2022-12-31,008007,WELLS FARGO & CO,12,USA,179889.0000,13182.0000,,41.290000000000
A,USD,STD,FS,C,WFC,2023-12-31,008007,WELLS FARGO & CO,12,USA,185735.0000,,,49.220000000000
A,USD,STD,INDL,C,WFC,2023-12-31,008007,WELLS FARGO & CO,12,USA,185735.0000,19142.0000,,49.220000000000
A,USD,STD,FS,C,WFC,2024-12-31,008007,WELLS FARGO & CO,12,USA,179120.0000,,,70.240000000000
A,USD,STD,INDL,C,WFC,2024-12-31,008007,WELLS FARGO & CO,12,USA,179120.0000,19722.0000,,70.240000000000
A,USD,STD,FS,C,WFC,2025-12-31,008007,WELLS FARGO & CO,12,USA,181117.0000,,,93.200000000000
A,USD,STD,INDL,C,WFC,2025-12-31,008007,WELLS FARGO & CO,12,USA,181117.0000,21338.0000,,93.200000000000
A,USD,STD,INDL,C,XOM,2010-12-31,004503,EXXON MOBIL CORP,12,USA,146839.0000,30460.0000,,73.120000000000
A,USD,STD,INDL,C,XOM,2011-12-31,004503,EXXON MOBIL CORP,12,USA,154396.0000,41060.0000,,84.760000000000
A,USD,STD,INDL,C,XOM,2012-12-31,004503,EXXON MOBIL CORP,12,USA,165863.0000,44880.0000,,86.550000000000
A,USD,STD,INDL,C,XOM,2013-12-31,004503,EXXON MOBIL CORP,12,USA,174003.0000,32580.0000,,101.200000000000
A,USD,STD,INDL,C,XOM,2014-12-31,004503,EXXON MOBIL CORP,12,USA,174399.0000,32520.0000,,92.450000000000
A,USD,STD,INDL,C,XOM,2015-12-31,004503,EXXON MOBIL CORP,12,USA,170811.0000,16150.0000,,77.950000000000
A,USD,STD,INDL,C,XOM,2016-12-31,004503,EXXON MOBIL CORP,12,USA,167325.0000,7840.0000,,90.260000000000
A,USD,STD,INDL,C,XOM,2017-12-31,004503,EXXON MOBIL CORP,12,USA,187688.0000,19710.0000,,83.640000000000
A,USD,STD,INDL,C,XOM,2018-12-31,004503,EXXON MOBIL CORP,12,USA,191794.0000,20840.0000,,68.190000000000
A,USD,STD,INDL,C,XOM,2019-12-31,004503,EXXON MOBIL CORP,12,USA,191650.0000,14340.0000,,69.780000000000
A,USD,STD,INDL,C,XOM,2020-12-31,004503,EXXON MOBIL CORP,12,USA,157150.0000,-22440.0000,,41.220000000000
A,USD,STD,INDL,C,XOM,2021-12-31,004503,EXXON MOBIL CORP,12,USA,168577.0000,23040.0000,,61.190000000000
A,USD,STD,INDL,C,XOM,2022-12-31,004503,EXXON MOBIL CORP,12,USA,195049.0000,55740.0000,,110.300000000000
A,USD,STD,INDL,C,XOM,2023-12-31,004503,EXXON MOBIL CORP,12,USA,204802.0000,36010.0000,,99.980000000000
A,USD,STD,INDL,C,XOM,2024-12-31,004503,EXXON MOBIL CORP,12,USA,263705.0000,33680.0000,,107.570000000000
A,USD,STD,INDL,C,XOM,2025-12-31,004503,EXXON MOBIL CORP,12,USA,259386.0000,28844.0000,,120.340000000000
